epoch,lr,seconds,train_loss,train_bce,train_dice_loss,train_iou,val_loss,val_bce,val_dice_loss,val_iou
1,0.001,5.322185299999546,0.14309029281139374,0.16205254197120667,0.12412796169519424,0.945216178894043,0.08249957114458084,0.09426896274089813,0.07073017954826355,0.9652670621871948
2,0.0009972883382072953,3.64190139999846,0.05955526977777481,0.06805860251188278,0.05105192959308624,0.9731719493865967,0.04405843839049339,0.05149802565574646,0.03661885857582092,0.9779824018478394
3,0.0009891830623632338,3.6245993000338785,0.036225561052560806,0.04316014051437378,0.029290979728102684,0.9798435568809509,0.03181808814406395,0.039225418120622635,0.024410760030150414,0.9798298478126526
4,0.0009757729755661011,3.433620899973903,0.027016345411539078,0.03348277881741524,0.020549887791275978,0.9826220870018005,0.025058865547180176,0.031764090061187744,0.018353642895817757,0.9826421141624451
5,0.0009572050015330874,3.730787600041367,0.022220183163881302,0.028216524049639702,0.016223857179284096,0.9843673706054688,0.022664256393909454,0.02980935201048851,0.015519163571298122,0.9830324053764343
6,0.0009336825748732973,4.120459900004789,0.01951904222369194,0.025261005386710167,0.013777081854641438,0.985368013381958,0.020962031558156013,0.027427339926362038,0.014496726915240288,0.9835621118545532
7,0.0009054634122155991,3.392894599994179,0.01789853535592556,0.023361729457974434,0.012435351498425007,0.9858540892601013,0.018929487094283104,0.025546958670020103,0.012312018312513828,0.9846975207328796
8,0.0008728566886113102,3.7215652999584563,0.01647757552564144,0.02167045697569847,0.01128469593822956,0.9864901900291443,0.01844901219010353,0.024662990123033524,0.012235044501721859,0.9840196967124939
9,0.0008362196501476349,3.887568400008604,0.01509103924036026,0.019807567819952965,0.01037450972944498,0.987324595451355,0.01601758785545826,0.021243873983621597,0.010791302658617496,0.9863629937171936
10,0.0007959536998847742,3.5415361000341363,0.013321624137461185,0.017390606924891472,0.009252642281353474,0.988454282283783,0.015854815021157265,0.021025989204645157,0.010683637112379074,0.9858871102333069
11,0.0007525,3.6428039000020362,0.011995971202850342,0.015631146728992462,0.008360789157450199,0.9895172715187073,0.01335421297699213,0.018110215663909912,0.008598209358751774,0.9883835911750793
12,0.0007063346383225212,3.609194500022568,0.010235767811536789,0.01329103298485279,0.007180492859333754,0.9910466074943542,0.013041509315371513,0.018063321709632874,0.008019698783755302,0.9888896942138672
13,0.000657963412215599,3.556601700023748,0.00983110349625349,0.012890149839222431,0.006772054359316826,0.9913075566291809,0.012588722631335258,0.017049746587872505,0.008127696812152863,0.9884410500526428
14,0.0006079162869547909,4.505545100022573,0.008432288654148579,0.010918322950601578,0.005946257151663303,0.992558479309082,0.013187597505748272,0.018335560336709023,0.008039632812142372,0.9883543252944946
15,0.0005567415893174886,3.840373799961526,0.008446312509477139,0.011030163615942001,0.0058624641969799995,0.9924056529998779,0.011623942293226719,0.016195354983210564,0.00705253379419446,0.9895251393318176
16,0.0005050000000000002,3.847543800016865,0.0070754969492554665,0.009076545014977455,0.0050744484178721905,0.993598997592926,0.012115122750401497,0.017167093232274055,0.007063152268528938,0.9892495274543762
17,0.0004532584106825117,4.3287361999973655,0.006739351432770491,0.008650483563542366,0.004828219301998615,0.9938297867774963,0.011019719764590263,0.015487564727663994,0.006551876198500395,0.9902268052101135
18,0.00040208371304520916,4.053126299986616,0.0061393724754452705,0.007846202701330185,0.004432540386915207,0.9944794178009033,0.012426425702869892,0.017975063994526863,0.006877792999148369,0.989179253578186
19,0.00035203658778440114,4.231598199985456,0.00600157305598259,0.007700302638113499,0.004302841145545244,0.9945084452629089,0.010655995458364487,0.015238032676279545,0.006073960568755865,0.9906925559043884
20,0.000303665361677479,3.956344799953513,0.005401503294706345,0.006853891536593437,0.003949111793190241,0.9951720237731934,0.010536575689911842,0.015240363776683807,0.005832790397107601,0.9909084439277649
21,0.0002575000000000002,3.6598696000291966,0.004915773402899504,0.006188482977449894,0.0036430652253329754,0.9956643581390381,0.010746018029749393,0.015643522143363953,0.005848516710102558,0.9907097220420837
22,0.0002140463001152259,3.5980140999890864,0.004663219675421715,0.005862359423190355,0.0034640778321772814,0.9958518743515015,0.010715548880398273,0.015679726377129555,0.005751373246312141,0.9908773303031921
23,0.00017378034985236537,3.5289269000058994,0.004422585945576429,0.005546750500798225,0.003298421623185277,0.9962308406829834,0.010611716657876968,0.015571587719023228,0.00565184885635972,0.9909719228744507
24,0.00013714331138868995,3.705297399952542,0.004263949580490589,0.005331562831997871,0.003196334931999445,0.9962659478187561,0.010432125069200993,0.01534732524305582,0.005516926292330027,0.9911698698997498
25,0.00010453658778440111,3.8617235999554396,0.003984346985816956,0.004954432137310505,0.003014257410541177,0.9966175556182861,0.010528522543609142,0.015554370358586311,0.005502676125615835,0.9911375045776367
26,7.631742512670288e-05,3.64975380001124,0.0038740362506359816,0.004803520627319813,0.0029445518739521503,0.9967426657676697,0.010571667924523354,0.015687793493270874,0.0054555428214371204,0.9912322163581848
27,5.279499846691254e-05,3.8146859999978915,0.0037190574221313,0.004594333935528994,0.00284377858042717,0.9968833327293396,0.010598122142255306,0.015758566558361053,0.0054376800544559956,0.9912143349647522
28,3.422702443389901e-05,3.8180659000063315,0.0035878217313438654,0.00441413139924407,0.002761512529104948,0.997080385684967,0.010636460036039352,0.015826581045985222,0.005446338094770908,0.9912056922912598
29,2.0816937636766188e-05,3.7289711000048555,0.0035647063050419092,0.004391959868371487,0.0027374508790671825,0.997117280960083,0.010676775127649307,0.01592637225985527,0.005427174735814333,0.9912055134773254
30,1.2711661792704668e-05,3.634681500028819,0.003569910302758217,0.004400845151394606,0.00273897428996861,0.9971099495887756,0.010703965090215206,0.015971878543496132,0.005436045117676258,0.9911530017852783
